zone,stop_lat,stop_lon
0,-1.2900352353643725,36.84992677305957
1,-1.3133176663474544,36.74079923850706
2,-1.1981613689956205,36.74367685532847
3,-1.2342565747780487,36.92069546814634
4,-1.4206796495222223,36.953061794777774
